<?xml version="1.0"?>
<block>
  <name>Stream Printer</name>
  <key>jnonell_stream_printer_py_f</key>
  <category>jnonell</category>
  <import>import jnonell</import>
  <make>jnonell.stream_printer_py_f('$(type.fcn)')</make>
  <param>
      <name>Output Type</name>
      <key>type</key>
      <type>enum</type>
      <option>
          <name>Complex</name>
          <key>complex</key>
          <opt>fcn:c</opt>
      </option>
      <option>
          <name>Float</name>
          <key>float</key>
          <opt>fcn:f</opt>
      </option>
  </param>
  <!-- Make one 'sink' node per input. Sub-nodes:
       * name (an identifier for the GUI)
       * type
       * vlen
       * optional (set to 1 for optional inputs) -->
  <sink>
    <name>in</name>
    <type>$type</type>
  </sink>
</block>
